werksgte,bestellgtentext,nenndicke_nnnnn_mm_mit_dezimalpunkt,breite,lnge,gewicht_kg,cluster,sigehalt,mngehalt,pgehalt,sgehalt,crgehalt,nigehalt,mogehalt,vgehalt,cugehalt,nbgehalt,tigehalt,algehalt,bgehalt,streckgrenze,zugfestigkeit,dehnung,product_type,order_id,site,material_name,material_number,material_quality_norm,surface_coating,defect_notes,nominal_thickness_mm,width_mm,length_mm,height_mm,mass_min_kg,number_of_coils,delivery_earliest,delivery_latest,inco_term,buy_now_eur_per_ton,minmax_bid_eur_per_ton,co2_per_ton_max_kg,valid_until
G2UB5,SZBS800,320.0,856.0,787.0,16.49,WB-G,Unknown,Unknown,Unknown,Unknown,Unknown,Unknown,Unknown,30.0,190.0,110.0,285.0,540.0,2.0,0.0,0.0,0.0,,,,,,,,,,,,,,,,,,,,,
G2UJ5,SZBS800,339.0,918.0,707.0,17.16,WB-G,Unknown,Unknown,Unknown,Unknown,Unknown,Unknown,Unknown,30.0,190.0,110.0,285.0,540.0,2.0,0.0,0.0,0.0,,,,,,,,,,,,,,,,,,,,,
C3318,LICRO 500,452.0,"1,839.0",300.0,18.7,WB-U,0.2540,1.2780,0.0080,0.0010,0.4340,0.0350,0.0090,20.0,290.0,12.0,320.0,320.0,25.0,0.0,0.0,0.0,,,,,,,,,,,,,,,,,,,,,
C3U15,S380MC mod. 4,532.0,"1,160.0",461.0,22.011,WB-U,0.2250,1.0630,0.0100,0.0020,0.0480,0.0300,0.0060,30.0,150.0,320.0,989.0,430.0,1.0,0.0,0.0,0.0,,,,,,,,,,,,,,,,,,,,,
G3UB5,SZBE800,451.0,727.2,557.0,14.02,Spaltband,Unknown,Unknown,Unknown,Unknown,Unknown,Unknown,Unknown,30.0,190.0,110.0,285.0,540.0,2.0,0.0,0.0,0.0,,,,,,,,,,,,,,,,,,,,,
G2UB5,SZBS800,452.0,727.2,517.0,13.0,Spaltband,Unknown,Unknown,Unknown,Unknown,Unknown,Unknown,Unknown,30.0,190.0,110.0,285.0,540.0,2.0,0.0,0.0,0.0,,,,,,,,,,,,,,,,,,,,,
G2UB5,2A Lager,247.0,"1,380.0",450.0,11.76,ELO verzinkt,10,A,610,technologische Werte (WBB),Standstelle/Verfärbungen (KB2),zu dick / Überdicke (WBB),Erledigen von Materialfehlern zu Material: (2336173004) Typ: (RG) Fehl,638.0,776.0,15.0,540.0,760.0,460.0,1350.0,444.0,290.0,,,,,,,,,,,,,,,,,,,,,
C27L5,50CrMo4,481.0,"1,334.0",456.0,23.14,WB-G,Unknown,Unknown,Unknown,Unknown,Unknown,Unknown,Unknown,30.0,190.0,110.0,285.0,540.0,2.0,0.0,0.0,0.0,,,,,,,,,,,,,,,,,,,,,
C2WS8,C2WS8,335.0,"1,075.0",766.0,20.98,Unknown,0.2330,1.0290,0.0090,0.0040,0.0600,0.0630,0.0180,30.0,500.0,327.0,826.0,370.0,2.0,0.0,0.0,0.0,,,,,,,,,,,,,,,,,,,,,
C1F28,CR300LA,541.0,"1,631.0",244.0,16.48,Unknown,0.1190,0.7440,0.0130,0.0040,0.0480,0.0390,0.0050,10.0,780.0,104.0,11.0,380.0,2.0,0.0,0.0,0.0,,,,,,,,,,,,,,,,,,,,,
Unknown,Unknown,457.0,"1,448.0",620.0,31.84,WB-U,0,0,0,0,0,0,0,0.0,0.0,0.0,0.0,0.0,0.0,0.0,0.0,0.0,,,,,,,,,,,,,,,,,,,,,
C2WS8,C2WS8,334.0,"1,042.0",389.0,10.26,WB-U,0.2650,1.0490,0.0140,0.0030,0.0720,0.0440,0.0190,20.0,310.0,295.0,916.0,310.0,2.0,0.0,0.0,0.0,,,,,,,,,,,,,,,,,,,,,
C33J3,Unknown,232.0,"1,522.0",1.116,30.921,Unknown,0.2920,0.3230,0.0100,0.0040,0.0390,0.0350,0.0060,0.0,260.0,6.0,23.0,420.0,1.0,0.0,0.0,0.0,,,,,,,,,,,,,,,,,,,,,
G3K88,G3K88,335.0,"1,653.0",483.0,20.974,WB-U,0.2520,0.9020,0.0110,0.0060,0.0460,0.0330,0.0060,20.0,230.0,316.0,549.0,810.0,0.0,0.0,0.0,0.0,,,,,,,,,,,,,,,,,,,,,
Unknown,Unknown,885.0,"1,283.0",287.0,25.58,WB-U,0.2280,1.3560,0.0154,0.0010,0.0370,0.0260,0.0040,20.0,170.0,251.0,17.0,490.0,0.0,432.0,563.0,35.0,,,,,,,,,,,,,,,,,,,,,
Unknown,G1BX5,555.0,"1,203.0",431.0,22.04,Unknown,0.0700,1.1410,0.0150,0.0010,0.0360,0.0320,0.0100,80.0,160.0,453.0,205.0,430.0,0.0,0.0,0.0,0.0,,,,,,,,,,,,,,,,,,,,,
G37M5,58CrV4,304.0,"1,351.0",766.0,24.18,WB-U,0.2200,0.8540,0.0110,0.0023,0.9870,0.0400,0.0080,1160.0,140.0,7.0,25.0,200.0,3.0,0.0,0.0,0.0,,,,,,,,,,,,,,,,,,,,,
C2UG8,CR330Y590T-DP,332.0,993.0,836.0,21.06,WB-U,0.2490,1.2820,0.0260,0.0020,0.4680,0.0360,0.0030,30.0,190.0,9.0,19.0,390.0,0.0,0.0,0.0,0.0,,,,,,,,,,,,,,,,,,,,,
G2UB5,HR660Y760T-CP,265.0,"1,313.0",987.0,26.34,WB-U,0.4630,1.8620,0.0110,0.0006,0.0350,0.0360,0.1340,60.0,180.0,462.0,1128.0,530.0,0.0,0.0,0.0,0.0,,,,,,,,,,,,,,,,,,,,,
G2UB5,HR660Y760T-CP,265.0,"1,312.0",992.0,26.34,WB-U,0.4470,1.8760,0.0110,0.0005,0.0420,0.0340,0.1350,50.0,110.0,439.0,665.0,640.0,0.0,0.0,0.0,0.0,,,,,,,,,,,,,,,,,,,,,
G2UB5,HR660Y760T-CP,265.0,"1,314.0",984.0,26.32,WB-U,0.4470,1.8760,0.0110,0.0005,0.0420,0.0340,0.1350,50.0,110.0,439.0,665.0,640.0,0.0,0.0,0.0,0.0,,,,,,,,,,,,,,,,,,,,,
G2UB5,HR660Y760T-CP,265.0,"1,314.0",989.0,26.36,WB-U,0.4470,1.8760,0.0110,0.0005,0.0420,0.0340,0.1350,50.0,110.0,439.0,665.0,640.0,0.0,0.0,0.0,0.0,,,,,,,,,,,,,,,,,,,,,
G2UB5,HR660Y760T-CP,265.0,"1,314.0",985.0,26.32,WB-U,0.4470,1.8760,0.0110,0.0005,0.0420,0.0340,0.1350,50.0,110.0,439.0,665.0,640.0,0.0,0.0,0.0,0.0,,,,,,,,,,,,,,,,,,,,,
G2UB5,HR660Y760T-CP,265.0,"1,314.0",958.0,25.46,WBU,0.4470,1.8760,0.0110,0.0005,0.0420,0.0340,0.1350,50.0,110.0,439.0,665.0,640.0,0.0,0.0,0.0,0.0,,,,,,,,,,,,,,,,,,,,,
G2WD8,D7G,334.0,"1,377.0",777.0,27.56,WBU,0.2620,1.8580,0.0130,0.0004,0.3260,0.0340,0.0040,20.0,130.0,137.0,37.0,330.0,2.0,0.0,0.0,0.0,,,,,,,,,,,,,,,,,,,,,
C4LF5,42CrMo4,302.0,"1,182.0",809.0,22.68,Unknown,0.1640,0.6700,0.0080,0.0010,0.9720,0.0350,0.1860,20.0,80.0,10.0,14.0,320.0,2.0,738.0,918.0,12.0,,,,,,,,,,,,,,,,,,,,,
G2WD8,CR440Y780T-DP,184.0,"1,442.0",1.407,29.28,WB-U,0.2580,1.8220,0.0120,0.0002,0.3250,0.0370,0.0030,30.0,270.0,149.0,74.0,270.0,2.0,0.0,0.0,0.0,,,,,,,,,,,,,,,,,,,,,
G2WL8,Unknown,383.0,"1,134.0",760.0,25.3,WB-U,0.2350,1.8620,0.0080,0.0010,0.3340,0.0370,0.0030,20.0,370.0,165.0,24.0,410.0,0.0,0.0,0.0,0.0,,,,,,,,,,,,,,,,,,,,,
Unknown,42CrMo4,302.0,"1,181.0",828.0,23.18,WB-U,0.1870,0.6840,0.0100,0.0010,0.9620,0.0470,0.1940,30.0,90.0,14.0,32.0,630.0,2.0,1.297,1.38,9.0,,,,,,,,,,,,,,,,,,,,,
C4LF5,Unknown,252.0,"1,151.0",994.0,22.62,WB-U,0.1870,0.6840,0.0100,0.0010,0.9620,0.0470,0.1940,30.0,90.0,14.0,32.0,630.0,2.0,716.0,899.0,12.0,,,,,,,,,,,,,,,,,,,,,
Unknown,42CrMo4,252.0,"1,148.0",995.0,22.58,WB-U,0.1870,0.6840,0.0100,0.0010,0.9620,0.0470,0.1940,30.0,90.0,14.0,32.0,630.0,2.0,1.178,1.185,1.0,,,,,,,,,,,,,,,,,,,,,
C4LF5,42CrMo4,252.0,"1,149.0",993.0,22.56,WB-U,0.1870,0.6840,0.0100,0.0010,0.9620,0.0470,0.1940,30.0,90.0,14.0,32.0,630.0,2.0,699.0,878.0,10.0,,,,,,,,,,,,,,,,,,,,,
G3K78,HX180YD,349.0,"1,445.0",730.0,28.4,WB-U,0.2450,0.4180,0.0080,0.0050,0.0270,0.0300,0.0040,0.0,110.0,306.0,573.0,300.0,0.0,0.0,0.0,0.0,,,,,,,,,,,,,,,,,,,,,
G3HU8,CR210BH,342.0,"1,728.0",674.0,30.46,WB-U,0.1980,0.2470,0.0040,0.0130,0.0170,0.0350,0.0070,0.0,200.0,151.0,14.0,310.0,0.0,0.0,0.0,0.0,,,,,,,,,,,,,,,,,,,,,
C2WP8,Unknown,338.0,"1,520.0",756.0,28.9,WB-U,0.2540,1.8220,0.0090,0.0006,0.3400,0.0290,0.0040,10.0,210.0,142.0,22.0,550.0,1.0,0.0,0.0,0.0,,,,,,,,,,,,,,,,,,,,,
G2WD8,D7G,320.0,"1,677.0",769.0,31.74,WB-U,0.2490,1.8390,0.0100,0.0019,0.3430,0.0400,0.0060,40.0,850.0,143.0,21.0,380.0,2.0,0.0,0.0,0.0,,,,,,,,,,,,,,,,,,,,,
C1DE8,CR340LA,469.0,"1,711.0",488.0,30.06,WB-U,0.0590,0.9200,0.0090,0.0030,0.0330,0.0290,0.0080,10.0,160.0,471.0,11.0,430.0,0.0,0.0,0.0,0.0,,,,,,,,,,,,,,,,,,,,,
G2UB5,HR660Y760T-CP,265.0,"1,153.0",1.007,23.44,WB-U,0.4370,1.8850,0.0120,0.0003,0.0390,0.0320,0.1350,40.0,310.0,437.0,1165.0,580.0,0.0,0.0,0.0,0.0,,,,,,,,,,,,,,,,,,,,,
G2UB5,HR660Y760T-CP,265.0,"1,154.0",975.0,23.5,WB-U,0.4370,1.8850,0.0120,0.0003,0.0390,0.0320,0.1350,40.0,310.0,437.0,1165.0,580.0,0.0,0.0,0.0,0.0,,,,,,,,,,,,,,,,,,,,,
C2225,DP600-MW06,545.0,"1,275.0",235.0,12.46,WB-U,0.0120,1.2850,0.0130,0.0040,0.3480,0.0340,0.0060,10.0,190.0,116.0,4.0,250.0,0.0,0.0,0.0,0.0,,,,,,,,,,,,,,,,,,,,,
C3LZ5,67CrNiMo33,302.0,"1,195.0",853.0,23.64,Unknown,0.2760,0.4070,0.0110,0.0010,0.5080,0.6100,0.2080,20.0,70.0,12.0,49.0,440.0,2.0,800.0,1.041,14.0,,,,,,,,,,,,,,,,,,,,,
C3LF5,42CrMo4,252.0,"1,151.0",990.0,22.16,WB-U,0.1890,0.6430,0.0070,0.0010,0.9920,0.0390,0.1920,20.0,200.0,16.0,26.0,340.0,1.0,0.0,0.0,0.0,,,,,,,,,,,,,,,,,,,,,
C1DS8,Unknown,537.0,"1,422.6",522.0,31.2,WB-G,Unknown,Unknown,Unknown,Unknown,Unknown,Unknown,Unknown,30.0,190.0,110.0,285.0,540.0,2.0,0.0,0.0,0.0,,,,,,,,,,,,,,,,,,,,,
Unknown,67CrNiMo33,252.0,"1,106.0",948.0,20.76,WB-G,Unknown,Unknown,Unknown,Unknown,Unknown,Unknown,Unknown,30.0,190.0,110.0,285.0,540.0,2.0,0.0,0.0,0.0,,,,,,,,,,,,,,,,,,,,,
G2UB5,SZBS800xpand®50,324.0,"1,208.0",397.0,11.52,WB-G,Unknown,Unknown,Unknown,Unknown,Unknown,Unknown,Unknown,30.0,190.0,110.0,285.0,540.0,2.0,0.0,0.0,0.0,,,,,,,,,,,,,,,,,,,,,
C27L5,50CrMo4,484.0,"1,333.0",451.0,23.04,Unknown,Unknown,Unknown,Unknown,Unknown,Unknown,Unknown,Unknown,30.0,190.0,110.0,285.0,540.0,2.0,0.0,0.0,0.0,,,,,,,,,,,,,,,,,,,,,
C37N5,51CrV4,826.0,"1,284.0",262.0,22.02,WB-G,Unknown,Unknown,Unknown,Unknown,Unknown,Unknown,Unknown,30.0,190.0,110.0,285.0,540.0,2.0,0.0,0.0,0.0,,,,,,,,,,,,,,,,,,,,,
Unknown,Unknown,377.0,"1,261.0",575.0,21.12,WB-G,Unknown,Unknown,Unknown,Unknown,Unknown,Unknown,Unknown,30.0,190.0,110.0,285.0,540.0,2.0,0.0,0.0,0.0,,,,,,,,,,,,,,,,,,,,,
C27W8,RobuSal®800,540.0,"1,441.0",505.0,30.98,WB-G,Unknown,Unknown,Unknown,Unknown,Unknown,Unknown,Unknown,30.0,190.0,110.0,285.0,540.0,2.0,0.0,0.0,0.0,,,,,,,,,,,,,,,,,,,,,
X36Z5,Grade D6A,323.0,"1,082.0",735.0,20.08,Unknown,Unknown,Unknown,Unknown,Unknown,Unknown,Unknown,Unknown,30.0,190.0,110.0,285.0,540.0,2.0,0.0,0.0,0.0,,,,,,,,,,,,,,,,,,,,,
C27L5,Unknown,522.0,"1,346.0",383.0,21.28,Unknown,Unknown,Unknown,Unknown,Unknown,Unknown,Unknown,Unknown,30.0,190.0,110.0,285.0,540.0,2.0,0.0,0.0,0.0,,,,,,,,,,,,,,,,,,,,,
C37L5,Unknown,519.0,"1,349.0",417.0,23.22,WB-G,Unknown,Unknown,Unknown,Unknown,Unknown,Unknown,Unknown,30.0,190.0,110.0,285.0,540.0,2.0,0.0,0.0,0.0,,,,,,,,,,,,,,,,,,,,,
C27L5,50CrMo4,482.0,"1,336.0",429.0,21.94,WB-G,Unknown,Unknown,Unknown,Unknown,Unknown,Unknown,Unknown,30.0,190.0,110.0,285.0,540.0,2.0,0.0,0.0,0.0,,,,,,,,,,,,,,,,,,,,,
C27W8,DBL 4525.30,540.0,"1,213.0",492.0,25.4,WB-G,Unknown,Unknown,Unknown,Unknown,Unknown,Unknown,Unknown,30.0,190.0,110.0,285.0,540.0,2.0,0.0,0.0,0.0,,,,,,,,,,,,,,,,,,,,,
G2UJ5,SZBS800,339.0,"1,001.3",673.0,17.83,WB-G,Unknown,Unknown,Unknown,Unknown,Unknown,Unknown,Unknown,30.0,190.0,110.0,285.0,540.0,2.0,0.0,0.0,0.0,,,,,,,,,,,,,,,,,,,,,
G2UJ5,SZBS800,339.0,"1,001.0",675.0,17.87,WB-G,Unknown,Unknown,Unknown,Unknown,Unknown,Unknown,Unknown,30.0,190.0,110.0,285.0,540.0,2.0,0.0,0.0,0.0,,,,,,,,,,,,,,,,,,,,,
G2UJ5,SZBS800,339.0,"1,001.4",685.0,18.18,WB-G,Unknown,Unknown,Unknown,Unknown,Unknown,Unknown,Unknown,30.0,190.0,110.0,285.0,540.0,2.0,0.0,0.0,0.0,,,,,,,,,,,,,,,,,,,,,
G2UJ5,SZBS800,339.0,"1,001.9",672.0,17.83,WB-G,Unknown,Unknown,Unknown,Unknown,Unknown,Unknown,Unknown,30.0,190.0,110.0,285.0,540.0,2.0,0.0,0.0,0.0,,,,,,,,,,,,,,,,,,,,,
X2UJ5,SZBS800,339.0,"1,001.5",755.0,20.0,WB-G,Unknown,Unknown,Unknown,Unknown,Unknown,Unknown,Unknown,30.0,190.0,110.0,285.0,540.0,2.0,0.0,0.0,0.0,,,,,,,,,,,,,,,,,,,,,
G2UJ5,SZBS800,340.0,"1,001.5",759.0,20.11,WB-G,Unknown,Unknown,Unknown,Unknown,Unknown,Unknown,Unknown,30.0,190.0,110.0,285.0,540.0,2.0,0.0,0.0,0.0,,,,,,,,,,,,,,,,,,,,,
G27M5,58CrV4,820.0,"1,251.0",274.0,22.16,WB-G,Unknown,Unknown,Unknown,Unknown,Unknown,Unknown,Unknown,30.0,190.0,110.0,285.0,540.0,2.0,0.0,0.0,0.0,,,,,,,,,,,,,,,,,,,,,
C27N5,51CrV4,827.0,"1,282.0",265.0,22.1,WB-G,Unknown,Unknown,Unknown,Unknown,Unknown,Unknown,Unknown,30.0,190.0,110.0,285.0,540.0,2.0,0.0,0.0,0.0,,,,,,,,,,,,,,,,,,,,,
X2UJ5,SZBS800,339.0,"1,001.6",746.0,19.79,WB-G,Unknown,Unknown,Unknown,Unknown,Unknown,Unknown,Unknown,30.0,190.0,110.0,285.0,540.0,2.0,0.0,0.0,0.0,,,,,,,,,,,,,,,,,,,,,
Unknown,Unknown,339.0,"1,001.1",753.0,19.96,WB-G,Unknown,Unknown,Unknown,Unknown,Unknown,Unknown,Unknown,30.0,190.0,110.0,285.0,540.0,2.0,0.0,0.0,0.0,,,,,,,,,,,,,,,,,,,,,
G3HU3,CR210BH,336.0,"1,708.1",678.0,30.28,WB-G,Unknown,Unknown,Unknown,Unknown,Unknown,Unknown,Unknown,30.0,190.0,110.0,285.0,540.0,2.0,0.0,0.0,0.0,,,,,,,,,,,,,,,,,,,,,
Unknown,Unknown,853.0,"1,276.7",277.0,23.86,Unknown,Unknown,Unknown,Unknown,Unknown,Unknown,Unknown,Unknown,30.0,190.0,110.0,285.0,540.0,2.0,0.0,0.0,0.0,,,,,,,,,,,,,,,,,,,,,
Unknown,Unknown,340.0,"1,001.4",747.0,19.79,WB-G,Unknown,Unknown,Unknown,Unknown,Unknown,Unknown,Unknown,30.0,190.0,110.0,285.0,540.0,2.0,0.0,0.0,0.0,,,,,,,,,,,,,,,,,,,,,
C2225,DP600-MW06,640.0,"1,367.0",335.0,23.3,WB-G,Unknown,Unknown,Unknown,Unknown,Unknown,Unknown,Unknown,30.0,190.0,110.0,285.0,540.0,2.0,0.0,0.0,0.0,,,,,,,,,,,,,,,,,,,,,
Unknown,DBL 4525.30,250.0,"1,131.5",902.0,19.9,Unknown,Rost flächig (UNB),Ölung zu gering (DR3),Ölung unregelmäßig – trockene Streifen (DR3),Unknown,N,Unknown,Unknown,30.0,190.0,110.0,285.0,540.0,2.0,0.0,0.0,0.0,,,,,,,,,,,,,,,,,,,,,
Unknown,DBL 4525.30,250.0,"1,301.3",773.0,19.435,Unknown,Auftragsstreichung (VRK),mit Dressieröl dressiert (CL4),Innenwindung/Bandanfang verlaufen (CL4),Unknown,N,Unknown,Unknown,30.0,190.0,110.0,285.0,540.0,2.0,0.0,0.0,0.0,,,,,,,,,,,,,,,,,,,,,
Unknown,DBL 4525.30,250.0,"1,301.4",218.0,5.55,Kaltfeinblech,Rost flächig (DR3),lange Schale (TS),lange Schale offen (TS),Unknown,N,Unknown,Unknown,30.0,190.0,110.0,285.0,540.0,2.0,0.0,0.0,0.0,,,,,,,,,,,,,,,,,,,,,
Unknown,DBL 4525.30,251.0,"1,352.6",327.0,8.685,Kaltfeinblech,lange Schale (TS),Ölung zu hoch (CL4),"Wickelfehler, Windungen verlaufen (CL4)",Unknown,N,Unknown,Unknown,30.0,190.0,110.0,285.0,540.0,2.0,0.0,0.0,0.0,,,,,,,,,,,,,,,,,,,,,
Unknown,DBL 4525.30,253.0,"1,374.8",1.054,28.61,Kaltfeinblech,Dickenschwankungen (TAN),zu dünn / Unterdicke (TAN),zu dick / Überdicke (TAN),Unknown,N,Unknown,Unknown,30.0,190.0,110.0,285.0,540.0,2.0,0.0,0.0,0.0,,,,,,,,,,,,,,,,,,,,,
Unknown,RobuSal®800,201.0,"1,156.7",319.0,5.74,Kaltfeinblech,Dickenschw. wegen Stop Tandemstr. (TAN),Ölung zu hoch (CL4),Stückgewicht zu niedrig (CL4),Unknown,N,Unknown,Unknown,30.0,190.0,110.0,285.0,540.0,2.0,0.0,0.0,0.0,,,,,,,,,,,,,,,,,,,,,
Unknown,CS Type B,259.0,"1,222.8",249.0,6.225,Kaltfeinblech,Dickenschwankungen (TAN),Standstelle/Verfärbungen (KB2),lange Schale offen (EXT),Unknown,N,Unknown,Unknown,30.0,190.0,110.0,285.0,540.0,2.0,0.0,0.0,0.0,,,,,,,,,,,,,,,,,,,,,
CBWW5,HC460LA,202.0,"1,167.0",863.0,15.83,ELO verzinkt,19,A,610,technologische Werte (TC),Ölung zu hoch (CL4),Unknown,Erledigen von Materialfehlern zu Material: (2280474008) Typ: (RG) Fehl,0.0,0.0,0.0,250.0,550.0,300.0,50.0,500.0,300.0,,,,,,,,,,,,,,,,,,,,,
G2UB5,HR660Y760T-CP,246.0,"1,380.0",592.0,15.52,ELO verzinkt,10,A,610,technologische Werte (WBB),Unverzinkt/unbeschichtet (EVZ),Ölung zu hoch (CL5),Erledigen von Materialfehlern zu Material: (2336170007) Typ: (RG) Fehl,614.0,748.0,14.0,680.0,870.0,370.0,1390.0,437.0,240.0,,,,,,,,,,,,,,,,,,,,,
Unknown,2A Lager,246.0,"1,380.0",462.0,12.04,ELO verzinkt,10,A,610,technologische Werte (WBB),Standstelle/Verfärbungen (KB2),zu dick / Überdicke (WBB),Erledigen von Materialfehlern zu Material: (2336173005) Typ: (RG) Fehl,638.0,776.0,15.0,540.0,760.0,460.0,1350.0,444.0,290.0,,,,,,,,,,,,,,,,,,,,,
G2UB5,Unknown,246.0,"1,379.0",463.0,12.06,ELO verzinkt,10,A,610,technologische Werte (WBB),zu breit / Überbreite (WBB),zu dick / Überdicke (WBB),Erledigen von Materialfehlern zu Material: (2336178005) Typ: (RG) Fehl,656.0,792.0,15.0,570.0,760.0,440.0,1350.0,459.0,320.0,,,,,,,,,,,,,,,,,,,,,
G2UB5,2A Lager,247.0,"1,380.0",873.0,22.9,ELO verzinkt,10,A,610,technologische Werte (WBB),zu dick / Überdicke (WBB),Ölung zu gering (CL5),Erledigen von Materialfehlern zu Material: (2336176004) Typ: (RG) Fehl,640.0,784.0,15.0,650.0,830.0,520.0,1360.0,442.0,380.0,,,,,,,,,,,,,,,,,,,,,
G2UB5,2A Lager,247.0,"1,380.0",460.0,12.05,ELO verzinkt,10,A,610,technologische Werte (WBB),zu dick / Überdicke (WBB),Ölung zu gering (CL5),Erledigen von Materialfehlern zu Material: (2336178004) Typ: (RG) Fehl,656.0,792.0,15.0,570.0,760.0,440.0,1350.0,459.0,320.0,,,,,,,,,,,,,,,,,,,,,
Unknown,HR660Y760T-CP,247.0,"1,379.0",944.0,24.8,ELO verzinkt,10,A,610,technologische Werte (WBB),Ölung unregelmäßig – trockene Streifen (CL5),Ölung zu gering (CL5),Erledigen von Materialfehlern zu Material: (2352599004) Typ: (RG) Fehl,637.0,779.0,16.0,720.0,790.0,680.0,1420.0,456.0,500.0,,,,,,,,,,,,,,,,,,,,,
G2UB5,Unknown,295.0,"1,380.2",761.0,24.09,ELO verzinkt,10,A,610,technologische Werte (WBB),zu breit / Überbreite (WBB),zu dick / Überdicke (WBB),Erledigen von Materialfehlern zu Material: (2336164002) Typ: (RG) Fehl,639.0,764.0,15.0,580.0,870.0,460.0,1370.0,457.0,270.0,,,,,,,,,,,,,,,,,,,,,
G2UB5,Unknown,246.0,"1,379.0",463.0,12.06,ELO verzinkt,10,A,610,technologische Werte (WBB),zu breit / Überbreite (WBB),zu dick / Überdicke (WBB),Erledigen von Materialfehlern zu Material: (2336178005) Typ: (RG) Fehl,656.0,792.0,15.0,570.0,760.0,440.0,1350.0,459.0,320.0,,,,,,,,,,,,,,,,,,,,,
Unknown,42CrMo4,302.0,"1,181.0",828.0,23.18,WB-U,0.1870,0.6840,0.0100,0.0010,0.9620,0.0470,0.1940,30.0,90.0,14.0,32.0,630.0,2.0,1.297,1.38,9.0,,,,,,,,,,,,,,,,,,,,,
C3U15,S380MC mod. 4,532.0,"1,160.0",461.0,22.011,WB-U,0.2250,1.0630,0.0100,0.0020,0.0480,0.0300,0.0060,30.0,150.0,320.0,989.0,430.0,1.0,0.0,0.0,0.0,,,,,,,,,,,,,,,,,,,,,
,,,,,,,,,,,,,,,,,,,,,,,SHEET,436765.0,1 company gmbh,S235JR,1.0038,DIN EN 10025,,DEKL-S235JR  / D2A EID,11.859,1509.0,3008.0,,2091.0,,,,FCA,600.0,550.0,,20/02/2025 11:00
,,,,,,,,,,,,,,,,,,,,,,,SHEET,436754.0,1 company gmbh,S355MC,1.0976,DIN EN 10149,,Unknown,8.057,1011.0,2355.0,,2411.0,,,,FCA,600.0,550.0,,20/02/2025 11:00
,,,,,,,,,,,,,,,,,,,,,,,SHEET,436755.0,1 company gmbh,Unknown,1.0976,DIN EN 10149,,DEKL-S355MC  / D2A WEH,8.057,1010.0,2356.0,,2251.0,,,,FKA,600.0,550.0,,2025-02-20 11:00
,,,,,,,,,,,,,,,,,,,,,,,SHEET,436757.0,1 company gmbh,S355MC,1.0976,Unknown,,DEKL-S355MC  / D2A WEH,8.057,1011.0,2356.0,,2401.0,,,,FCA,600.0,550.0,,2025-02-20 11:00
,,,,,,,,,,,,,,,,,,,,,,,SHEET,436758.0,1 company gmbh,S355MC,1.0976,DN EN 10149,,DEKL-S355MC  / D2A WEH,8.057,1010.0,2356.0,,2401.0,,,,FCA,600.0,550.0,,2025-02-20 11:00
,,,,,,,,,,,,,,,,,,,,,,,SHEET,436759.0,1 company gmbh,S355MC,1.0976,DIN EN 10149,,DEKL-S355MC  / D2A WEH,8.057,1010.0,2356.0,,2401.0,,,,FKA,600.0,550.0,,2025-02-20 11:00
,,,,,,,,,,,,,,,,,,,,,,,SHEET,436766.0,1 company gmbh,S355JR,1.0045,DIN EN 10025,,DEKL-S355JR  / D2A KRA,12.008,1508.0,2506.0,,3541.0,,,,FCA,600.0,550.0,,2025-02-20 11:00
,,,,,,,,,,,,,,,,,,,,,,,SHEET,436760.0,1 company gmbh,Unknown,1.0976,DIN EN 10149,,DEKL-S355MC  / D2A WEH,8.057,1011.0,2356.0,,2401.0,,,,FKA,600.0,550.0,,20/02/2025 11:00
,,,,,,,,,,,,,,,,,,,,,,,SHEET,436756.0,1 company gmbh,S355MC,1.0976,DIN EN 10149,,DEKL-S355MC  / D2A WEH,8.057,1011.0,2355.0,,2401.0,,,,FCA,600.0,550.0,,2025-02-20 11:00
,,,,,,,,,,,,,,,,,,,,,,,SHEET,436753.0,1 company gmbh,S355MC,1.0976,DIN EN 10149,,DEKL-S355MC  / D2A WEH,8.057,1011.0,2356.0,,2411.0,,,,Unknown,600.0,550.0,,2025-02-20 11:00
,,,,,,,,,,,,,,,,,,,,,,,COIL_STRIP,436737.0,1 company gmbh,Unknown,1.0873,Unknown,,DC06  / D2A ZUB,0.8,1385.0,2760.0,,4580.0,,,,FCA,600.0,570.0,,2025-02-20 11:00
,,,,,,,,,,,,,,,,,,,,,,,COIL_STRIP,436733.0,1 company gmbh,DC06,1.0873,DIN EN 10130,,DC06  / D2A UKK,0.652,1170.0,2760.0,,7031.0,,,,FCA,600.0,570.0,,2025-02-20 11:00
,,,,,,,,,,,,,,,,,,,,,,,COIL_STRIP,436734.0,1 company gmbh,DC06,1.0873,DIN EN 10130,,DC06  / D2A OZE,0.702,1581.0,2760.0,,3160.0,,,,Unknown,600.0,570.0,,2025-02-20 11:00
,,,,,,,,,,,,,,,,,,,,,,,COIL_STRIP,436735.0,1 company gmbh,DC06,1.0873,DIN EN 10130,,Unknown,0.703,1479.0,2760.0,,4680.0,,,,FCA,600.0,570.0,,2025-02-20 11:00
,,,,,,,,,,,,,,,,,,,,,,,Unknown,436736.0,1 company gmbh,DC06,1.0873,DIN EN 10130,,Unknown,0.755,1628.0,2760.0,,3220.0,,,,Unknown,600.0,570.0,,2025-02-20 11:00
,,,,,,,,,,,,,,,,,,,,,,,COIL_STRIP,436741.0,1 company gmbh,Unknown,1.033,DIN EN 10130,,DC01  / D2A BDE,0.809,1343.0,2760.0,,2120.0,,,,Unknown,600.0,570.0,,2025-02-20 11:00
,,,,,,,,,,,,,,,,,,,,,,,COIL_STRIP,436740.0,1 company gmbh,DC06,1.0873,DIN EN 10130,,Unknown,0.805,1371.0,2760.0,,5380.0,,,,Unknown,600.0,570.0,,2025-02-20 11:00
,,,,,,,,,,,,,,,,,,,,,,,COIL_STRIP,436739.0,1 company gmbh,DC06,1.0873,DIN EN 10130,,DC06  / D2A ZUB,0.801,1474.0,2760.0,,2810.0,,,,FCA,600.0,570.0,,2025-02-20 11:00
,,,,,,,,,,,,,,,,,,,,,,,Unknown,436738.0,1 company gmbh,DC06,1.0873,DIN EN 10130,,DC06  / D2A ZUN,0.801,1474.0,2760.0,,2400.0,,,,FCA,600.0,570.0,,2025-02-20 11:00
,,,,,,,,,,,,,,,,,,,,,,,SHEET,436618.0,1 company gmbh,S460MC,1.0982,DIN EN 10149,,DEKL-S460MC  / D2A ROS,3.045,1020.0,2005.0,,1081.0,,,,Unknown,640.0,610.0,,2025-02-20 11:00
,,,,,,,,,,,,,,,,,,,,,,,Unknown,436619.0,1 company gmbh,S355MC,1.0976,DIN EN 10149,,DEKL-S355MC  / D2A REI,4.043,1252.0,2506.0,,991.0,,,,FKA,640.0,610.0,,2025-02-20 11:00
,,,,,,,,,,,,,,,,,,,,,,,SHEET,436620.0,1 company gmbh,S235JR,1.0038,DIN EN 10025,,DEKL-S235JR  / D2A ZSM,6.006,994.0,2907.0,,951.0,,,,FCA,640.0,610.0,,2025-02-20 11:00
,,,,,,,,,,,,,,,,,,,,,,,SHEET,436621.0,1 company gmbh,S235JR,1.0038,DIN EN 10025,,DEKL-S235JR  / D2A KRA,6.018,1301.0,3702.0,,1131.0,,,,Unknown,640.0,610.0,,2025-02-20 11:00
,,,,,,,,,,,,,,,,,,,,,,,SHEET,436622.0,1 company gmbh,S235JR,1.0038,DIN EN 10025,,DEKL-S235JR  / D2A KRA,6.022,1253.0,2506.0,,2089.0,,,,FCA,640.0,610.0,,2025-02-20 11:00
,,,,,,,,,,,,,,,,,,,,,,,SHEET,436623.0,1 company gmbh,S235JR,1.0038,DN EN 10025,,DEKL-S235JR  / D2A REI,8.02,1502.0,3000.0,,2853.0,,,,FCA,640.0,610.0,,2025-02-20 11:00
,,,,,,,,,,,,,,,,,,,,,,,SHET,436624.0,1 company gmbh,S23SJR,1.0038,DIN EN 10025,,Unknown,10.006,1502.0,3008.0,,2831.0,,,,FCA,640.0,610.0,,2025-02-20 11:00
,,,,,,,,,,,,,,,,,,,,,,,SHEET,436625.0,1 company gmbh,S355JR,1.0045,DIN EN 10025,,DEKL-S355JR  / D2A KRA,12.008,1508.0,2506.0,,3551.0,,,,FCA,640.0,610.0,,2025-02-20 11:00
,,,,,,,,,,,,,,,,,,,,,,,SHET,436626.0,1 company gmbh,Unknown,1.0045,DIN EN 10025,,Unknown,12.008,1507.0,2506.0,,3541.0,,,,FCA,640.0,610.0,,2025-02-20 11:00
,,,,,,,,,,,,,,,,,,,,,,,SHET,436627.0,1 company gmbh,S355JR,1.0045,DIN EN 10025,,DEKL-S35SJR  / D2A KRA,12.008,1508.0,2506.0,,3551.0,,,,Unknown,640.0,610.0,,2025-02-20 11:00
,,,,,,,,,,,,,,,,,,,,,,,SHET,436628.0,1 company gmbh,S355JR,1.0045,DIN EN 10025,,DEKL-S355JR  / D2A KRA,12.029,1503.0,3009.0,,2141.0,,,,Unknown,640.0,610.0,,2025-02-20 11:00
,,,,,,,,,,,,,,,,,,,,,,,SHEET,436629.0,1 company gmbh,S35SJR,1.0045,DIN EN 10025,,DEKL-S355JR  / D2A KRA,12.029,1503.0,3008.0,,2131.0,,,,FCA,640.0,610.0,,2025-02-20 11:00
,,,,,,,,,,,,,,,,,,,,,,,SHEET,436630.0,1 company gmbh,S355JR,1.0045,DIN EN 10025,,DEKL-S355JR  / D2A KRA,12.029,1503.0,3008.0,,2131.0,,,,FCA,640.0,610.0,,20/02/2025 11:00
,,,,,,,,,,,,,,,,,,,,,,,SHEET,436631.0,1 company gmbh,S35SJR,1.0045,DN EN 10025,,DEKL-S355JR  / D2A KRA,12.029,1503.0,3008.0,,1701.0,,,,FCA,640.0,610.0,,2025-02-20 11:00
,,,,,,,,,,,,,,,,,,,,,,,SHEET,436632.0,1 company gmbh,S355JR,1.0045,DIN EN 10025,,DEKL-S355JR  / D2A KRA,12.029,1503.0,3007.0,,2141.0,,,,FCA,640.0,610.0,,2025-02-20 11:00
,,,,,,,,,,,,,,,,,,,,,,,SHEET,436633.0,1 company gmbh,S355JR,1.0045,DN EN 10025,,DEKL-S35SJR  / D2A KRA,12.029,1503.0,3008.0,,2131.0,,,,Unknown,640.0,610.0,,2025-02-20 11:00
,,,,,,,,,,,,,,,,,,,,,,,SHEET,436634.0,1 company gmbh,S355JR,1.0045,DIN EN 10025,,DEKL-S355JR  / D2A ASG,12.029,1503.0,3008.0,,2131.0,,,,Unknown,640.0,610.0,,2025-02-20 11:00
,,,,,,,,,,,,,,,,,,,,,,,COIL_STRIP,436555.0,1 company gmbh,HCT780X,1.0943,DIN EN 10338,,HCT780X+ Z 150 MB OL  ,1.701,812.0,2760.0,,15318.0,,,,FCA,600.0,620.0,,2025-02-25 16:00
,,,,,,,,,,,,,,,,,,,,,,,Unknown,436557.0,1 company gmbh,Unknown,1.0943,DIN EN 10338,,Unknown,1.701,812.0,2760.0,,14853.0,,,,FCA,600.0,620.0,,2025-02-25 16:00
,,,,,,,,,,,,,,,,,,,,,,,COIL_STRIP,436563.0,1 company gmbh,HCT780X,1.0943,DIN EN 10338,,HCT780X+ Z 145 MB OL  ,1.703,813.0,2760.0,,14703.0,,,,FKA,600.0,620.0,,25/02/2025 16:00
,,,,,,,,,,,,,,,,,,,,,,,COIL_STRIP,436562.0,1 company gmbh,HCT780X,1.0943,DIN EN 10338,,HCT780X+ Z 145 MB OL  ,1.702,812.0,2760.0,,14593.0,,,,FCA,600.0,620.0,,25/02/2025 16:00
,,,,,,,,,,,,,,,,,,,,,,,COIL_STRIP,436561.0,1 company gmbh,HCT780X,1.0943,DIN EN 10338,,HCT780X+ Z 145 MB OL  ,1.702,812.0,2760.0,,14633.0,,,,FCA,600.0,620.0,,25/02/2025 16:00
,,,,,,,,,,,,,,,,,,,,,,,COIL_STRIP,436560.0,1 company gmbh,HCT780X,1.0943,DIN EN 10338,,Unknown,1.702,813.0,2760.0,,14373.0,,,,FCA,600.0,620.0,,2025-02-25 16:00
,,,,,,,,,,,,,,,,,,,,,,,COIL_STRIP,436559.0,1 company gmbh,HCT780X,1.0943,DIN EN 10338,,HCT780X+ Z 145 MB OL  ,1.702,812.0,2760.0,,14653.0,,,,FCA,600.0,620.0,,2025-02-25 16:00
,,,,,,,,,,,,,,,,,,,,,,,COIL_STRIP,436558.0,1 company gmbh,HCT780X,1.0943,DIN EN 10338,,HCT780X+ Z 150 MB OL  ,1.701,813.0,2760.0,,15208.0,,,,Unknown,600.0,620.0,,2025-02-25 16:00
,,,,,,,,,,,,,,,,,,,,,,,COIL_STRIP,436556.0,1 company gmbh,HCT780X,1.0943,Unknown,,HCT780X+ Z 145 MB OL  ,1.701,812.0,2760.0,,15033.0,,,,FCA,600.0,620.0,,2025-02-25 16:00
,,,,,,,,,,,,,,,,,,,,,,,COIL_STRIP,436554.0,1 company gmbh,HCT780X,1.0943,DIN EN 10338,,HCT780X+ Z 150 MB OL  ,1.7,812.0,2760.0,,15373.0,,,,FCA,600.0,620.0,,2025-02-25 16:00
,,,,,,,,,,,,,,,,,,,,,,,COIL_STRIP,436553.0,1 company gmbh,Unknown,1.0943,DIN EN 10338,,HCT780X+ Z 150 MB OL  ,1.7,812.0,2760.0,,15343.0,,,,FCA,600.0,620.0,,2025-02-25 16:00
,,,,,,,,,,,,,,,,,,,,,,,COIL_STRIP,436552.0,1 company gmbh,HCT780X,1.0943,DIN EN 10338,,HCT780X+ Z 145 MB OL  ,1.7,812.0,2760.0,,14153.0,,,,FKA,600.0,620.0,,2025-02-25 16:00
,,,,,,,,,,,,,,,,,,,,,,,COIL_STRIP,436551.0,1 company gmbh,HCT780X,1.0943,DIN EN 10338,,HCT780X+ Z 145 MB OL ,1.7,812.0,2760.0,,14193.0,,,,FCA,600.0,620.0,,2025-02-25 16:00
,,,,,,,,,,,,,,,,,,,,,,,Unknown,436550.0,1 company gmbh,Unknown,1.0943,DIN EN 10338,,Unknown,1.699,812.0,2760.0,,14438.0,,,,Unknown,600.0,620.0,,2025-02-25 16:00
,,,,,,,,,,,,,,,,,,,,,,,COIL_STRIP,436549.0,1 company gmbh,HCT780X,1.0943,DIN EN 10338,,Unknown,1.699,812.0,2760.0,,14418.0,,,,FKA,600.0,620.0,,2025-02-25 16:00
,,,,,,,,,,,,,,,,,,,,,,,Unknown,436521.0,1 company gmbh,S23SJR,1.0038,DIN EN 10025,,Unknown,3.628,1256.0,2256.0,,721.0,,,,FCA,600.0,550.0,,2025-02-21 11:00
,,,,,,,,,,,,,,,,,,,,,,,SHEET,436518.0,1 company gmbh,S23SJR,1.0038,DIN EN 10025,,DEKL-S235JR  / D2A KRA,3.626,1345.0,1974.0,,2931.0,,,,FCA,600.0,550.0,,2025-02-21 11:00
,,,,,,,,,,,,,,,,,,,,,,,SHEET,436538.0,1 company gmbh,S500MC,1.0984,DN EN 10149,,DEKL-S500MC  / D2A UUE,8.383,1250.0,2760.0,,2729.0,,,,FCA,600.0,550.0,,2025-02-21 11:00
,,,,,,,,,,,,,,,,,,,,,,,SHEET,436537.0,1 company gmbh,S500MC,1.0984,DIN EN 10149,,DEKL-S500MC  / D2A UUE,8.383,1250.0,2760.0,,2719.0,,,,FCA,600.0,550.0,,2025-02-21 11:00
,,,,,,,,,,,,,,,,,,,,,,,SHEET,436516.0,1 company gmbh,C45E,1.1191,DN EN 10083,,C45E  / D2A EDR,1.81,1500.0,3000.0,,1900.0,,,,FCA,600.0,550.0,,2025-02-21 11:00
,,,,,,,,,,,,,,,,,,,,,,,SHEET,436517.0,1 company gmbh,C45E,1.1191,Unknown,,C45E  / D2A EDR,1.81,1500.0,3000.0,,2092.0,,,,FCA,600.0,550.0,,2025-02-21 11:00
,,,,,,,,,,,,,,,,,,,,,,,SHEET,436524.0,1 company gmbh,E335,1.006,DIN EN 10025,,DEKL-E335  / D2A BKR,5.051,1503.0,3802.0,,1811.0,,,,FCA,600.0,550.0,,2025-02-21 11:00
,,,,,,,,,,,,,,,,,,,,,,,SHEET,436532.0,1 company gmbh,S460MC,1.0982,DIN EN 10149,,DEKL-S460MC  / D2A REI,7.057,1312.0,2956.0,,2781.0,,,,FCA,600.0,550.0,,2025-02-21 11:00
,,,,,,,,,,,,,,,,,,,,,,,SHEET,436533.0,1 company gmbh,S235JR,1.0038,DIN EN 10025,,Unknown,7.1,1539.0,2605.0,,2641.0,,,,Unknown,600.0,550.0,,2025-02-21 11:00
,,,,,,,,,,,,,,,,,,,,,,,SHEET,436534.0,1 company gmbh,S500MC,1.0984,DIN EN 10149,,DEKL-S500MC  / D2A UUE,8.383,1250.0,2760.0,,2719.0,,,,FKA,600.0,550.0,,2025-02-21 11:00
,,,,,,,,,,,,,,,,,,,,,,,SHEET,436535.0,1 company gmbh,S500MC,1.0984,Unknown,,DEKL-S500MC  / D2A UUE,8.383,1250.0,2760.0,,1369.0,,,,FCA,600.0,550.0,,2025-02-21 11:00
,,,,,,,,,,,,,,,,,,,,,,,SHEET,436531.0,1 company gmbh,S460MC,1.0982,Unknown,,DEKL-S460MC  / D2A REI,7.057,1312.0,2957.0,,2571.0,,,,FCA,600.0,550.0,,2025-02-21 11:00
,,,,,,,,,,,,,,,,,,,,,,,SHEET,436530.0,1 company gmbh,Unknown,1.098,DIN EN 10149,,DEKL-S420MC  / D2A REI,7.048,1509.0,3008.0,,2511.0,,,,FCA,600.0,550.0,,2025-02-21 11:00
,,,,,,,,,,,,,,,,,,,,,,,SHEET,436526.0,1 company gmbh,DD11,1.0332,DIN EN 10111,,Unknown,6.535,1502.0,2830.0,,2181.0,,,,Unknown,600.0,550.0,,2025-02-21 11:00
,,,,,,,,,,,,,,,,,,,,,,,SHEET,436529.0,1 company gmbh,S420MC,1.098,DIN EN 10149,,DEKL-S420MC  / D2A REI,7.048,1509.0,3008.0,,1511.0,,,,FCA,600.0,550.0,,2025-02-21 11:00
,,,,,,,,,,,,,,,,,,,,,,,SHET,436522.0,1 company gmbh,S235JR,1.0038,DIN EN 10025,,DEKL-S235JR  / D2A OEF,3.659,1217.0,1974.0,,3851.0,,,,FCA,600.0,550.0,,21/02/2025 11:00
,,,,,,,,,,,,,,,,,,,,,,,Unknown,436527.0,1 company gmbh,S420MC,1.098,DIN EN 10149,,DEKL-S420MC  / D2A UUE,7.046,1503.0,3008.0,,1751.0,,,,FCA,600.0,550.0,,2025-02-21 11:00
,,,,,,,,,,,,,,,,,,,,,,,SHEET,436528.0,1 company gmbh,S420MC,1.098,DIN EN 10149,,DEKL-S420MC  / D2A UUE,7.046,1503.0,3008.0,,1731.0,,,,FCA,600.0,550.0,,2025-02-21 11:00
,,,,,,,,,,,,,,,,,,,,,,,Unknown,436525.0,1 company gmbh,S355MC,1.0976,DIN EN 10149,,DEKL-S355MC  / D2A EID,5.058,1252.0,2506.0,,1851.0,,,,Unknown,600.0,550.0,,2025-02-21 11:00
,,,,,,,,,,,,,,,,,,,,,,,SHEET,436519.0,1 company gmbh,S235JR,1.0038,DIN EN 10025,,Unknown,3.626,1345.0,1974.0,,1131.0,,,,FCA,600.0,550.0,,2025-02-21 11:00
,,,,,,,,,,,,,,,,,,,,,,,SHEET,436520.0,1 company gmbh,S235JR,1.0038,DIN EN 10025,,DEKL-S235JR  / D2A KRA,3.626,1345.0,1974.0,,2941.0,,,,FCA,600.0,550.0,,2025-02-21 11:00
,,,,,,,,,,,,,,,,,,,,,,,SHEET,436515.0,1 company gmbh,C45,1.0503,DIN EN 10277:2018-09,,C45CR+ARU  / D2A EDR,2.021,900.0,2000.0,,2900.0,,,,FCA,600.0,550.0,,2025-02-21 11:00
,,,,,,,,,,,,,,,,,,,,,,,SHEET,436514.0,1 company gmbh,C45,1.0503,DIN EN 10277:2018-09,,C45CR+ARU  / D2A EDR,2.021,900.0,2000.0,,3158.0,,,,FCA,600.0,550.0,,2025-02-21 11:00
,,,,,,,,,,,,,,,,,,,,,,,SHEET,436523.0,1 company gmbh,S235JR,1.0038,DIN EN 10025,,DEKL-S235JR  / D2A REI,4.512,1501.0,3108.0,,2170.0,,,,FCA,600.0,550.0,,2025-02-21 11:00
,,,,,,,,,,,,,,,,,,,,,,,Unknown,436536.0,1 company gmbh,S500MC,1.0984,DIN EN 10149,,DEKL-S500MC  / D2A UUE,8.383,1250.0,2760.0,,2719.0,,,,FCA,600.0,550.0,,2025-02-21 11:00
,,,,,,,,,,,,,,,,,,,,,,,COIL_STRIP,436285.0,1 company gmbh,CR380LA,1.0873,VDA 239-100,,CR3GA45/45-E ZF 100 RC OL  / D2A VNK,0.712,1375.0,2760.0,,3340.0,,,,FCA,600.0,490.0,,2025-02-20 16:00
,,,,,,,,,,,,,,,,,,,,,,,COIL_STRIP,436302.0,1 company gmbh,CR180BH,1.0873,VDA 239-100,,CR180BHE+EG47/47EPO  / D1A UGP,0.707,1292.0,2760.0,,23111.0,,,,FCA,600.0,490.0,,2025-02-20 16:00
,,,,,,,,,,,,,,,,,,,,,,,COIL_STRIP,436295.0,1 company gmbh,CR180BH,1.0873,Unknown,,CR180BHGI50/50-E Z 100 MC  / D2A POZ,0.735,1621.0,2760.0,,2871.0,,,,Unknown,600.0,490.0,,2025-02-20 16:00
,,,,,,,,,,,,,,,,,,,,,,,COIL_STRIP,436298.0,1 company gmbh,Unknown,1.0306,Unknown,,DX54D+ Z 105 MC  / D3A KBK,0.692,1533.0,2760.0,,1728.0,,,,FKA,600.0,490.0,,2025-02-20 16:00
,,,,,,,,,,,,,,,,,,,,,,,Unknown,436293.0,1 company gmbh,CR3,1.0873,VDA 239-100,,CR3ZM35/35-U ZM 90 MB OL  / D2A VZC,0.73,1468.0,2760.0,,1990.0,,,,FCA,600.0,490.0,,2025-02-20 16:00
,,,,,,,,,,,,,,,,,,,,,,,COIL_STRIP,436287.0,1 company gmbh,CR380LA,1.0873,VDA 239-100,,CR3GA45/45-E ZF 100 RC OL  / D2A OZE,0.713,1376.0,2760.0,,2710.0,,,,Unknown,600.0,490.0,,2025-02-20 16:00
,,,,,,,,,,,,,,,,,,,,,,,COIL_STRIP,436283.0,1 company gmbh,CR180BH,1.0873,VDA 239-100,,CR180BHZM40/40-E ZM 90 MC OL  / D2A VMB,0.712,1432.0,2760.0,,3160.0,,,,FCA,600.0,490.0,,2025-02-20 16:00
,,,,,,,,,,,,,,,,,,,,,,,COIL_STRIP,436281.0,1 company gmbh,CR4,1.0873,VDA 239-100,,CR4ZM35/35-U ZM 80 MB OL  / D2A VZC,0.712,1493.0,2760.0,,4210.0,,,,Unknown,600.0,490.0,,2025-02-20 16:00
,,,,,,,,,,,,,,,,,,,,,,,COIL_STRIP,436288.0,1 company gmbh,Unknown,1.035,DIN EN 10346,,DX52D+ Z 100 MC  / D2A EIN,0.715,1676.0,2760.0,,2880.0,,,,FCA,600.0,490.0,,2025-02-20 16:00
,,,,,,,,,,,,,,,,,,,,,,,COIL_STRIP,436284.0,1 company gmbh,CR4,1.0873,VDA 239-100,,CR4ZM40/40-U ZM 85 MB OL  / D2A VZC,0.712,1406.0,2760.0,,2180.0,,,,FCA,600.0,490.0,,2025-02-20 16:00
,,,,,,,,,,,,,,,,,,,,,,,COIL_STRIP,436286.0,1 company gmbh,CR180BH,1.0873,VDA 239-100,,CR180BHZM40/40-E ZM 90 MC OL  / D2A VMB,0.712,1433.0,2760.0,,2280.0,,,,FCA,600.0,490.0,,2025-02-20 16:00
,,,,,,,,,,,,,,,,,,,,,,,COIL_STRIP,436289.0,1 company gmbh,CR210BH,1.0873,Unknown,,CR210BH GA45/45-U  / D2A UTE,0.717,1346.0,2760.0,,3061.0,,,,FCA,600.0,490.0,,2025-02-20 16:00
,,,,,,,,,,,,,,,,,,,,,,,COILS_STRIP,436292.0,1 company gmbh,CR380LA,1.0873,VDA 239-100,,CR3ZM35/35-U ZM 80 MB OL  / D2A VMB,0.729,1430.0,2760.0,,2640.0,,,,FCA,600.0,490.0,,2025-02-20 16:00
,,,,,,,,,,,,,,,,,,,,,,,COIL_STRIP,436291.0,1 company gmbh,CR380LA,1.0873,VDA 239-100,,CR3ZM35/35-U ZM 80 MB OL  / D2A VMF,0.729,1468.0,2760.0,,3510.0,,,,Unknown,600.0,490.0,,2025-02-20 16:00
,,,,,,,,,,,,,,,,,,,,,,,COIL_STRIP,436290.0,1 company gmbh,CR210BH,1.0873,Unknown,,CR210BHGA45/45-E ZF 95 RC OL  / D2A POZ,0.717,1347.0,2760.0,,3780.0,,,,FCA,600.0,490.0,,2025-02-20 16:00
,,,,,,,,,,,,,,,,,,,,,,,COIL_STRIP,436280.0,1 company gmbh,CR3,1.0873,VDA 239-100,,CR3ZM35/35-U ZM 85 MB OL  /  SAO,0.71,1514.0,2760.0,,2570.0,,,,Unknown,600.0,490.0,,2025-02-20 16:00
,,,,,,,,,,,,,,,,,,,,,,,COILS_STRIP,436276.0,1 company gmbh,HX180BD,1.0914,DIN EN 10346,,HX180BD+ Z 100 MC OL  / D2A BDE,0.669,1228.0,2760.0,,2340.0,,,,FCA,600.0,490.0,,2025-02-20 16:00
,,,,,,,,,,,,,,,,,,,,,,,COIL_STRIP,436277.0,1 company gmbh,CR420LA,1.0873,VDA 239-100,,CR420LAZM35/35-U ZM 80 MB  / D2A BSZ,0.677,1323.0,2760.0,,10141.0,,,,FKA,600.0,490.0,,2025-02-20 16:00
,,,,,,,,,,,,,,,,,,,,,,,COIL_STRIP,436282.0,1 company gmbh,Unknown,1.0873,VDA 239-100,,CR180BHZM40/40-E ZM 90 MC  / D2A SUN,0.712,1433.0,2760.0,,3441.0,,,,FCA,600.0,490.0,,20/02/2025 16:00
,,,,,,,,,,,,,,,,,,,,,,,Unknown,436278.0,1 company gmbh,HX220BD,1.0919,DIN EN 10346,,HX220BD+ Z 110 MC OL  / D2A VZC,0.702,1542.0,2760.0,,3330.0,,,,Unknown,600.0,490.0,,2025-02-20 16:00
,,,,,,,,,,,,,,,,,,,,,,,Unknown,436279.0,1 company gmbh,DX51D,1.0226,DIN EN 10346,,DX51D+ Z 95 MA  / D2A VFL,0.709,1133.0,2760.0,,3301.0,,,,FCA,600.0,490.0,,2025-02-20 16:00
,,,,,,,,,,,,,,,,,,,,,,,COIL_STRIP,436299.0,1 company gmbh,CR380LA,1.0873,VDA 239-100,,CR3GA45/45-E ZF 100 RC OL  / D3A OZE,0.712,1376.0,2760.0,,1640.0,,,,FCA,600.0,490.0,,2025-02-20 16:00
,,,,,,,,,,,,,,,,,,,,,,,COIL_STRIP,436300.0,1 company gmbh,CR210BH,1.0873,VDA 239-100,,Unknown,0.711,1366.0,2760.0,,2740.0,,,,FCA,600.0,490.0,,2025-02-20 16:00
,,,,,,,,,,,,,,,,,,,,,,,COIL_STRIP,436301.0,1 company gmbh,Unknown,1.0873,VDA 239-100,,CR210BHE 05 ZE 80/82  / D2A EID,0.712,1421.0,2760.0,,2950.0,,,,FCA,600.0,490.0,,2025-02-20 16:00
,,,,,,,,,,,,,,,,,,,,,,,COIL_STRIP,436275.0,1 company gmbh,HX180BD,1.0914,DN EN 10346,,HX180BD+ Z 105 MC OL  / D2A REB,0.661,1303.0,2760.0,,2020.0,,,,FCA,600.0,490.0,,2025-02-20 16:00
,,,,,,,,,,,,,,,,,,,,,,,COIL_STRIP,436274.0,1 company gmbh,Unknown,1.0873,VDA 239-100,,CR3GA45/45-E ZF 100 RC NIT  / D2A ZUN,0.659,1451.0,2760.0,,5882.0,,,,Unknown,600.0,490.0,,2025-02-20 16:00
,,,,,,,,,,,,,,,,,,,,,,,Unknown,436139.0,1 company gmbh,DX51D,1.0917,Unknown,,DX51D+ Z 100 MA  / D2A SIK,0.715,923.0,2760.0,,3241.0,,,,Unknown,600.0,520.0,,2025-02-21 11:00
,,,,,,,,,,,,,,,,,,,,,,,COIL_STRIP,436130.0,1 company gmbh,DX54D,1.0306,DIN EN 10346,,DX54D+ Z 105 MB OL  / D2A SAO,0.656,1450.0,2760.0,,2241.0,,,,Unknown,600.0,520.0,,2025-02-21 11:00
,,,,,,,,,,,,,,,,,,,,,,,COIL_STRIP,436145.0,1 company gmbh,CR270BH,1.0873,VDA 239-100,,CR270BH GI60/60-U  / D2A UTZ,0.753,1598.0,2760.0,,3561.0,,,,Unknown,600.0,520.0,,2025-02-21 11:00
,,,,,,,,,,,,,,,,,,,,,,,COIL_STRIP,436148.0,1 company gmbh,Unknown,1.0873,VDA 239-100,,CR5GI50/50-E Z 110 MC NIT OL  / D2A REQ,0.76,1451.0,2760.0,,3680.0,,,,FCA,600.0,520.0,,2025-02-21 11:00
,,,,,,,,,,,,,,,,,,,,,,,Unknown,436154.0,1 company gmbh,Unknown,1.0873,VDA 239-100,,CR380LAGI50/50-U Z 100 MB OL  / D2A SAO,0.969,1111.0,2760.0,,2210.0,,,,FCA,600.0,520.0,,2025-02-21 11:00
,,,,,,,,,,,,,,,,,,,,,,,COIL_STRIP,436137.0,1 company gmbh,CR4,1.0873,Unknown,,CR4GI40/40-U Z 90 MB OL  / D2A SAO,0.712,1549.0,2760.0,,2650.0,,,,FCA,600.0,520.0,,2025-02-21 11:00
,,,,,,,,,,,,,,,,,,,,,,,COIL_STRIP,436133.0,1 company gmbh,CR4,1.0873,Unknown,,CR4GA45/45-E ZF 100 RC NIT OL  / D2A REI,0.661,1492.0,2760.0,,2140.0,,,,FCA,600.0,520.0,,2025-02-21 11:00
,,,,,,,,,,,,,,,,,,,,,,,COILS_STRIP,436161.0,1 company gmbh,CR5,1.0873,VDA 239-100,,CR5E 05 ZE 81/79 OL  / D2A ZUB,0.71,1541.0,2760.0,,2160.0,,,,FCA,600.0,520.0,,2025-02-21 11:00
,,,,,,,,,,,,,,,,,,,,,,,COILS_STRIP,436153.0,1 company gmbh,CR270BH,1.0873,VDA 239-100,,CR270BH GI50/50-U  / D2A KS,0.904,961.0,2760.0,,3862.0,,,,FKA,600.0,520.0,,2025-02-21 11:00
,,,,,,,,,,,,,,,,,,,,,,,COIL_STRIP,436132.0,1 company gmbh,CR5,1.0873,VDA 239-100,,CR5GI40/40-U Z 90 MB OL  / D2A TSU,0.66,1571.0,2760.0,,3280.0,,,,FKA,600.0,520.0,,2025-02-21 11:00
,,,,,,,,,,,,,,,,,,,,,,,COIL_STRIP,436149.0,1 company gmbh,CR210BH,1.0873,VDA 239-100,,CR210BHGI40/40-U Z 90 MB OL  / D2A VSY,0.761,1564.0,2760.0,,4100.0,,,,FKA,600.0,520.0,,2025-02-21 11:00
,,,,,,,,,,,,,,,,,,,,,,,COIL_STRIP,436134.0,1 company gmbh,CR180BH,1.0873,VDA 239-100,,CR180BHGI50/50-E Z 105 MC OL  /  SAO,0.662,1555.0,2760.0,,2140.0,,,,FKA,600.0,520.0,,2025-02-21 11:00
,,,,,,,,,,,,,,,,,,,,,,,COIL_STRIP,436128.0,1 company gmbh,CR3,1.0873,VDA 239-100,,CR3GI60/60-U Z 125 MB OL  / D2A OZE,0.64,1421.0,2760.0,,3080.0,,,,FCA,600.0,520.0,,2025-02-21 11:00
,,,,,,,,,,,,,,,,,,,,,,,COIL_STRIP,436143.0,1 company gmbh,CR380LA,1.0873,VDA 239-100,,CR3ZM35/35-U ZM 80 MB OL  / D2A SAO,0.73,1431.0,2760.0,,2400.0,,,,FCA,600.0,520.0,,2025-02-21 11:00
,,,,,,,,,,,,,,,,,,,,,,,COIL_STRIP,436136.0,1 company gmbh,CR4,1.0873,VDA 239-100,,CR4GI40/40-U Z 90 MB OL  / D2A SAO,0.711,1641.0,2760.0,,3711.0,,,,FCA,600.0,520.0,,2025-02-21 11:00
,,,,,,,,,,,,,,,,,,,,,,,Unknown,436140.0,1 company gmbh,Unknown,1.0873,Unknown,,CR240LAGI40/40-U Z 90 MB  / D2A RUZ,0.72,1603.0,2760.0,,1871.0,,,,Unknown,600.0,520.0,,2025-02-21 11:00
,,,,,,,,,,,,,,,,,,,,,,,COIL_STRIP,436146.0,1 company gmbh,CR5,1.0873,VDA 239-100,,CR5GI50/50-E Z 105 MC NIT OL  / D2A VZC,0.76,1587.0,2760.0,,2890.0,,,,FCA,600.0,520.0,,2025-02-21 11:00
,,,,,,,,,,,,,,,,,,,,,,,COIL_STRIP,436141.0,1 company gmbh,DX51D,1.0226,Unknown,,Unknown,0.727,924.0,2760.0,,3451.0,,,,FCA,600.0,520.0,,2025-02-21 11:00
,,,,,,,,,,,,,,,,,,,,,,,COIL_STRIP,436131.0,1 company gmbh,CR4,1.0873,VDA 239-100,,Unknown,0.66,1381.0,2760.0,,3310.0,,,,FKA,600.0,520.0,,2025-02-21 11:00
,,,,,,,,,,,,,,,,,,,,,,,COIL_STRIP,436155.0,1 company gmbh,CR4,1.0873,VDA 239-100,,CR4 GI40/40-U  / D2A UTZ,1.108,914.0,2760.0,,2701.0,,,,FCA,600.0,520.0,,2025-02-21 11:00
,,,,,,,,,,,,,,,,,,,,,,,Unknown,436129.0,1 company gmbh,DX53D,1.0355,DIN EN 10346,,DX53D+ZF100RB  / D2A KS,0.656,1513.0,2760.0,,5880.0,,,,FCA,600.0,520.0,,2025-02-21 11:00
,,,,,,,,,,,,,,,,,,,,,,,COIL_STRIP,436144.0,1 company gmbh,CR4,1.0873,VDA 239-100,,CR4GI40/40-U Z 90 MB OL  / D2A DSH,0.741,1523.0,2760.0,,3180.0,,,,FCA,600.0,520.0,,2025-02-21 11:00
,,,,,,,,,,,,,,,,,,,,,,,COIL_STRIP,436159.0,1 company gmbh,Unknown,1.0873,VDA 239-100,,CR210BHGI75/75-E Z 160 MC  / D3A DGN,0.662,1462.0,2760.0,,1051.0,,,,FCA,600.0,520.0,,2025-02-21 11:00
,,,,,,,,,,,,,,,,,,,,,,,COIL_STRIP,436142.0,1 company gmbh,CR380LA,1.0873,VDA 239-100,,CR3ZM35/35-U ZM 80 MB OL  / D2A SAO,0.73,1431.0,2760.0,,2270.0,,,,FCA,600.0,520.0,,2025-02-21 11:00
,,,,,,,,,,,,,,,,,,,,,,,COILS_STRIP,436150.0,1 company gmbh,CR180BH,1.0873,Unknown,,CR180BHGI50/50-U Z 100 MB  / D2A SUN,0.809,871.0,2760.0,,2811.0,,,,FCA,600.0,520.0,,2025-02-21 11:00
,,,,,,,,,,,,,,,,,,,,,,,COIL_STRIP,436138.0,1 company gmbh,CR5,1.0873,VDA 239-100,,CR5GI40/40-U Z 90 MB OL  / D2A SAO,0.713,1418.0,2760.0,,2930.0,,,,FCA,600.0,520.0,,2025-02-21 11:00
,,,,,,,,,,,,,,,,,,,,,,,Unknown,436125.0,1 company gmbh,DIVERSE,1.0873,-,,phs-uncoated 1500 CR  / D2A KS,2.209,1130.0,2760.0,,5780.0,,,,FCA,600.0,520.0,,2025-02-21 11:00
,,,,,,,,,,,,,,,,,,,,,,,COIL_STRIP,436160.0,1 company gmbh,HC180B,1.0395,DIN EN 10268,,Unknown,0.696,1282.0,2760.0,,11960.0,,,,FCA,600.0,520.0,,2025-02-21 11:00
,,,,,,,,,,,,,,,,,,,,,,,COILS_STRIP,436147.0,1 company gmbh,CR5,1.0873,VDA 239-100,,CR5GI50/50-E Z 110 MC NIT OL  / D2A REQ,0.76,1451.0,2760.0,,3250.0,,,,Unknown,600.0,520.0,,21/02/2025 11:00
,,,,,,,,,,,,,,,,,,,,,,,COIL_STRIP,436737.0,1 company gmbh,Unknown,1.0873,Unknown,,DC06  / D2A ZUB,0.8,1385.0,2760.0,,4580.0,,,,FCA,600.0,570.0,,2025-02-20 11:00
,,,,,,,,,,,,,,,,,,,,,,,SHEET,436765.0,1 company gmbh,S235JR,1.0038,DIN EN 10025,,DEKL-S235JR  / D2A EID,11.859,1509.0,3008.0,,2091.0,,,,FCA,600.0,550.0,,2025-02-20 11:00
,,,,,,,,,,,,,,,,,,,,,,,COIL_STRIP,436283.0,1 company gmbh,CR180BH,1.0873,VDA 239-100,,CR180BHZM40/40-E ZM 90 MC OL  / D2A VMB,0.712,1432.0,2760.0,,3160.0,,,,FCA,600.0,490.0,,2025-02-20 16:00
,,,,,,,,,,,,,,,,,,,,,,,SHET,436626.0,1 company gmbh,Unknown,1.0045,DIN EN 10025,,Unknown,12.008,1507.0,2506.0,,3541.0,,,,FCA,640.0,610.0,,2025-02-20 11:00
,,,,,,,,,,,,,,,,,,,,,,,Unknown,436521.0,1 company gmbh,S23SJR,1.0038,DIN EN 10025,,Unknown,3.628,1256.0,2256.0,,721.0,,,,FCA,600.0,550.0,,2025-02-21 11:00
